request_id,endpoint,kind,status_code,elapsed_ms
1,/score/transaction,transaction,200,555.8369001373649
2,/score/transaction,transaction,200,554.7563000582159
3,/score/transaction,transaction,200,599.7827998362482
4,/score/transaction,transaction,200,531.152400188148
5,/score/transaction,transaction,200,530.7839997112751
6,/score/transaction,transaction,200,522.5806999951601
7,/score/transaction,transaction,200,520.0755000114441
8,/score/transaction,transaction,200,534.0328002348542
9,/score/transaction,transaction,200,528.0744000338018
10,/score/transaction,transaction,200,518.7727999873459
11,/score/transaction,transaction,200,529.2703998275101
12,/score/transaction,transaction,200,513.202500063926
13,/score/transaction,transaction,200,540.63960025087
14,/score/transaction,transaction,200,526.8695000559092
15,/score/transaction,transaction,200,544.3961997516453
16,/score/transaction,transaction,200,545.8966000005603
17,/score/transaction,transaction,200,518.2525999844074
18,/score/transaction,transaction,200,521.1754003539681
19,/score/transaction,transaction,200,605.316000059247
20,/score/transaction,transaction,200,532.799799926579
21,/score/transaction,transaction,200,516.1045999266207
22,/score/transaction,transaction,200,526.8802996724844
23,/score/transaction,transaction,200,544.1267997957766
24,/score/transaction,transaction,200,521.5873001143336
25,/score/transaction,transaction,200,534.6425003372133
26,/score/transaction,transaction,200,515.7303996384144
27,/score/transaction,transaction,200,509.57150012254715
28,/score/transaction,transaction,200,552.6581997983158
29,/score/transaction,transaction,200,508.1533999182284
30,/score/transaction,transaction,200,527.1680001169443
31,/score/transaction,transaction,200,525.1028002239764
32,/score/transaction,transaction,200,523.0887001380324
33,/score/transaction,transaction,200,545.5648000352085
34,/score/transaction,transaction,200,520.6516999751329
35,/score/transaction,transaction,200,636.3442996516824
36,/score/transaction,transaction,200,522.4625999107957
37,/score/transaction,transaction,200,534.361899830401
38,/score/transaction,transaction,200,531.1961001716554
39,/score/transaction,transaction,200,514.1810001805425
40,/score/transaction,transaction,200,529.960900079459
41,/score/transaction,transaction,200,508.8287997059524
42,/score/transaction,transaction,200,565.5522998422384
43,/score/transaction,transaction,200,531.2366997823119
44,/score/transaction,transaction,200,518.5728999786079
45,/score/transaction,transaction,200,518.6613001860678
46,/score/transaction,transaction,200,523.1329002417624
47,/score/transaction,transaction,200,543.916099704802
48,/score/transaction,transaction,200,540.6224001199007
49,/score/transaction,transaction,200,528.0798999592662
50,/score/transaction,transaction,200,519.4347999058664
51,/score/transaction,transaction,200,607.638799585402
52,/score/transaction,transaction,200,530.0893001258373
53,/score/transaction,transaction,200,525.1679997891188
54,/score/transaction,transaction,200,527.0966002717614
55,/score/transaction,transaction,200,540.1417999528348
56,/score/transaction,transaction,200,538.3800002746284
57,/score/transaction,transaction,200,526.7042997293174
58,/score/transaction,transaction,200,555.1394000649452
59,/score/transaction,transaction,200,545.5828001722693
60,/score/transaction,transaction,200,523.5137999989092
61,/score/transaction,transaction,200,524.7570001520216
62,/score/transaction,transaction,200,519.5124000310898
63,/score/transaction,transaction,200,526.533399708569
64,/score/transaction,transaction,200,528.9421998895705
65,/score/transaction,transaction,200,526.0536000132561
66,/score/transaction,transaction,200,529.1725001297891
67,/score/transaction,transaction,200,605.7376000098884
68,/score/transaction,transaction,200,542.7089999429882
69,/score/transaction,transaction,200,528.5521997138858
70,/score/transaction,transaction,200,552.5477002374828
71,/score/transaction,transaction,200,523.2238997705281
72,/score/transaction,transaction,200,525.894199963659
73,/score/transaction,transaction,200,535.7368998229504
74,/score/transaction,transaction,200,552.876100409776
75,/score/transaction,transaction,200,546.9880001619458
76,/score/transaction,transaction,200,539.4124002195895
77,/score/transaction,transaction,200,523.7902998924255
78,/score/transaction,transaction,200,528.135399799794
79,/score/transaction,transaction,200,523.5333000309765
80,/score/transaction,transaction,200,547.4409000016749
81,/score/transaction,transaction,200,519.654699601233
82,/score/transaction,transaction,200,514.3267000094056
83,/score/transaction,transaction,200,613.59510011971
84,/score/transaction,transaction,200,550.543799996376
85,/score/transaction,transaction,200,524.182400200516
86,/score/transaction,transaction,200,545.6759002991021
87,/score/transaction,transaction,200,556.1488997191191
88,/score/transaction,transaction,200,548.6353999003768
89,/score/transaction,transaction,200,521.6844999231398
90,/score/transaction,transaction,200,550.7371998392045
91,/score/transaction,transaction,200,525.4819998517632
92,/score/transaction,transaction,200,550.1247998327017
93,/score/transaction,transaction,200,543.1552999652922
94,/score/transaction,transaction,200,518.9252998679876
95,/score/transaction,transaction,200,523.609499912709
96,/score/transaction,transaction,200,532.031700015068
97,/score/transaction,transaction,200,526.7932000569999
98,/score/transaction,transaction,200,480.4599997587502
99,/score/transaction,transaction,200,611.7770001292229
100,/score/transaction,transaction,200,490.2876000851393
101,/score/text,sms,200,1.7764000222086906
102,/score/text,sms,200,1.8262998200953007
103,/score/text,sms,200,2.0219003781676292
104,/score/text,sms,200,1.819500233978033
105,/score/text,sms,200,1.7241998575627804
106,/score/text,sms,200,1.632200088351965
107,/score/text,sms,200,1.7285998910665512
108,/score/text,sms,200,1.7220997251570225
109,/score/text,sms,200,1.7033000476658344
110,/score/text,sms,200,1.802399754524231
111,/score/text,sms,200,2.078600227832794
112,/score/text,sms,200,2.456400077790022
113,/score/text,sms,200,1.989899668842554
114,/score/text,sms,200,2.005899790674448
115,/score/text,sms,200,2.049699891358614
116,/score/text,sms,200,1.7208000645041466
117,/score/text,sms,200,2.5036996230483055
118,/score/text,sms,200,1.9856002181768417
119,/score/text,sms,200,2.387200016528368
120,/score/text,sms,200,2.392199821770191
121,/score/text,sms,200,1.7634998075664043
122,/score/text,sms,200,1.7503001727163792
123,/score/text,sms,200,1.6795000992715359
124,/score/text,sms,200,2.0131999626755714
125,/score/text,sms,200,2.604400273412466
126,/score/text,sms,200,2.583499997854233
127,/score/text,sms,200,2.1127001382410526
128,/score/text,sms,200,2.4915002286434174
129,/score/text,sms,200,1.828999724239111
130,/score/text,sms,200,1.8159998580813408
131,/score/text,sms,200,1.7118998803198338
132,/score/text,sms,200,1.5956000424921513
133,/score/text,sms,200,1.7173001542687416
134,/score/text,sms,200,1.7345999367535114
135,/score/text,sms,200,1.7249002121388912
136,/score/text,sms,200,1.6083000227808952
137,/score/text,sms,200,1.8907999619841576
138,/score/text,sms,200,1.8337997607886791
139,/score/text,sms,200,1.6815001145005226
140,/score/text,sms,200,1.719099935144186
141,/score/text,sms,200,1.7813998274505138
142,/score/text,sms,200,1.7564999870955944
143,/score/text,sms,200,1.721599604934454
144,/score/text,sms,200,1.8744999542832375
145,/score/text,sms,200,1.7234999686479568
146,/score/text,sms,200,2.145799808204174
147,/score/text,sms,200,2.059999853372574
148,/score/text,sms,200,1.8465998582541943
149,/score/text,sms,200,1.906100194901228
150,/score/text,sms,200,2.09310045465827
151,/score/text,sms,200,2.0929998718202114
152,/score/text,sms,200,2.2357995621860027
153,/score/text,sms,200,2.419500146061182
154,/score/text,sms,200,2.6952000334858894
155,/score/text,sms,200,2.732600085437298
156,/score/text,sms,200,2.9233996756374836
157,/score/text,sms,200,2.571200020611286
158,/score/text,sms,200,2.6014000177383423
159,/score/text,sms,200,2.602099906653166
160,/score/text,sms,200,3.2037999480962753
161,/score/text,sms,200,3.0584996566176414
162,/score/text,sms,200,2.8881998732686043
163,/score/text,sms,200,3.0354000627994537
164,/score/text,sms,200,2.914000302553177
165,/score/text,sms,200,2.9166997410357
166,/score/text,sms,200,4.3577998876571655
167,/score/text,sms,200,2.823399845510721
168,/score/text,sms,200,2.60680029168725
169,/score/text,sms,200,2.7046999894082546
170,/score/text,sms,200,2.808299846947193
171,/score/text,sms,200,3.6500003188848495
172,/score/text,sms,200,3.030299674719572
173,/score/text,sms,200,2.8470000252127647
174,/score/text,sms,200,2.9508997686207294
175,/score/text,sms,200,2.943300176411867
176,/score/text,sms,200,3.160499967634678
177,/score/text,sms,200,3.3623003400862217
178,/score/text,sms,200,3.035999834537506
179,/score/text,sms,200,3.1806998886168003
180,/score/text,sms,200,3.1620003283023834
181,/score/text,sms,200,3.197500016540289
182,/score/text,sms,200,4.0152003057301044
183,/score/text,sms,200,3.391099628061056
184,/score/text,sms,200,3.6038001999258995
185,/score/text,sms,200,3.958300221711397
186,/score/text,sms,200,4.485399927943945
187,/score/text,sms,200,4.027599934488535
188,/score/text,sms,200,4.022900015115738
189,/score/text,sms,200,4.20060008764267
190,/score/text,sms,200,4.395399708300829
191,/score/text,sms,200,4.390299785882235
192,/score/text,sms,200,4.084500018507242
193,/score/text,sms,200,4.0430002845823765
194,/score/text,sms,200,4.388299770653248
195,/score/text,sms,200,4.21199994161725
196,/score/text,sms,200,4.229200072586536
197,/score/text,sms,200,4.224000032991171
198,/score/text,sms,200,4.655399825423956
199,/score/text,sms,200,3.611200023442507
200,/score/text,sms,200,3.335400018841028
201,/score/text,url,200,4.007999785244465
202,/score/text,url,200,3.83229972794652
203,/score/text,url,200,4.406199790537357
204,/score/text,url,200,3.9815003983676434
205,/score/text,url,200,4.45799995213747
206,/score/text,url,200,4.177700262516737
207,/score/text,url,200,4.124999977648258
208,/score/text,url,200,3.9336001500487328
209,/score/text,url,200,4.285200033336878
210,/score/text,url,200,4.207900259643793
211,/score/text,url,200,3.8799000903964043
212,/score/text,url,200,3.836700227111578
213,/score/text,url,200,4.516200162470341
214,/score/text,url,200,4.307399969547987
215,/score/text,url,200,4.0433998219668865
216,/score/text,url,200,3.7488997913897038
217,/score/text,url,200,4.299199674278498
218,/score/text,url,200,4.671900067478418
219,/score/text,url,200,4.351400304585695
220,/score/text,url,200,4.232699982821941
221,/score/text,url,200,5.650300066918135
222,/score/text,url,200,4.182799719274044
223,/score/text,url,200,3.522200044244528
224,/score/text,url,200,2.899300307035446
225,/score/text,url,200,3.918199799954891
226,/score/text,url,200,3.3243000507354736
227,/score/text,url,200,2.7395999059081078
228,/score/text,url,200,2.5972998701035976
229,/score/text,url,200,2.523600123822689
230,/score/text,url,200,2.313100267201662
231,/score/text,url,200,2.8890003450214863
232,/score/text,url,200,2.217299770563841
233,/score/text,url,200,2.2745998576283455
234,/score/text,url,200,2.2109001874923706
235,/score/text,url,200,1.9868998788297176
236,/score/text,url,200,1.9089002162218094
237,/score/text,url,200,1.9021001644432545
238,/score/text,url,200,1.5886998735368252
239,/score/text,url,200,2.2633997723460197
240,/score/text,url,200,1.8858001567423344
241,/score/text,url,200,1.7473003827035427
242,/score/text,url,200,1.592700369656086
243,/score/text,url,200,1.5650996938347816
244,/score/text,url,200,1.6771000809967518
245,/score/text,url,200,1.6791000962257385
246,/score/text,url,200,1.6789999790489674
247,/score/text,url,200,1.6621001996099949
248,/score/text,url,200,1.8305000849068165
249,/score/text,url,200,3.0892002396285534
250,/score/text,url,200,1.7162002623081207
251,/score/text,url,200,1.7463001422584057
252,/score/text,url,200,1.6327002085745335
253,/score/text,url,200,1.687999814748764
254,/score/text,url,200,1.6697002574801445
255,/score/text,url,200,1.5791002660989761
256,/score/text,url,200,1.7482000403106213
257,/score/text,url,200,1.7061000689864159
258,/score/text,url,200,2.2674999199807644
259,/score/text,url,200,1.8604998476803303
260,/score/text,url,200,1.6650999896228313
261,/score/text,url,200,1.682900357991457
262,/score/text,url,200,1.6050999984145164
263,/score/text,url,200,1.6585001721978188
264,/score/text,url,200,1.5476997941732407
265,/score/text,url,200,1.634600106626749
266,/score/text,url,200,1.7433003522455692
267,/score/text,url,200,2.363099716603756
268,/score/text,url,200,2.181699965149164
269,/score/text,url,200,1.8211998976767063
270,/score/text,url,200,1.765499822795391
271,/score/text,url,200,1.6756001859903336
272,/score/text,url,200,1.5690997242927551
273,/score/text,url,200,1.6291001811623573
274,/score/text,url,200,1.721599604934454
275,/score/text,url,200,1.7371000722050667
276,/score/text,url,200,2.3623001761734486
277,/score/text,url,200,2.2035003639757633
278,/score/text,url,200,1.8221000209450722
279,/score/text,url,200,1.6819997690618038
280,/score/text,url,200,1.6187001019716263
281,/score/text,url,200,1.5893001109361649
282,/score/text,url,200,1.6612997278571129
283,/score/text,url,200,1.9172001630067825
284,/score/text,url,200,1.6221003606915474
285,/score/text,url,200,1.6394001431763172
286,/score/text,url,200,2.1506999619305134
287,/score/text,url,200,1.6650999896228313
288,/score/text,url,200,1.639499794691801
289,/score/text,url,200,1.5761996619403362
290,/score/text,url,200,1.5714000910520554
291,/score/text,url,200,1.6064997762441635
292,/score/text,url,200,1.6562002710998058
293,/score/text,url,200,1.638299785554409
294,/score/text,url,200,1.6292999498546124
295,/score/text,url,200,2.141099888831377
296,/score/text,url,200,2.0118001848459244
297,/score/text,url,200,1.7438000068068504
298,/score/text,url,200,1.718099694699049
299,/score/text,url,200,1.6582999378442764
300,/score/text,url,200,1.7273002304136753
301,/graph/node/0,graph,200,1.6523995436728
302,/graph/node/0,graph,200,1.4046002179384232
303,/graph/node/0,graph,200,1.5620999038219452
304,/graph/node/0,graph,200,1.3322001323103905
305,/graph/node/0,graph,200,1.6700997948646545
306,/graph/node/0,graph,200,1.5274998731911182
307,/graph/node/0,graph,200,1.3782000169157982
308,/graph/node/0,graph,200,1.4105001464486122
309,/graph/node/0,graph,200,1.3692998327314854
310,/graph/node/0,graph,200,1.4177002012729645
311,/graph/node/0,graph,200,1.7655002884566784
312,/graph/node/0,graph,200,1.5866998583078384
313,/graph/node/0,graph,200,1.558100339025259
314,/graph/node/0,graph,200,1.416000071913004
315,/graph/node/0,graph,200,1.477300189435482
316,/graph/node/0,graph,200,1.3950997963547707
317,/graph/node/0,graph,200,1.3696001842617989
318,/graph/node/0,graph,200,1.3453001156449318
319,/graph/node/0,graph,200,1.4506997540593147
320,/graph/node/0,graph,200,1.41629995778203
321,/graph/node/0,graph,200,1.371100079268217
322,/graph/node/0,graph,200,1.5839999541640282
323,/graph/node/0,graph,200,1.7634998075664043
324,/graph/node/0,graph,200,1.6654999926686287
325,/graph/node/0,graph,200,1.4329999685287476
326,/graph/node/0,graph,200,1.7840997315943241
327,/graph/node/0,graph,200,1.5766001306474209
328,/graph/node/0,graph,200,1.384800300002098
329,/graph/node/0,graph,200,1.3473997823894024
330,/graph/node/0,graph,200,1.5354002825915813
331,/graph/node/0,graph,200,1.4214999973773956
332,/graph/node/0,graph,200,1.3472000136971474
333,/graph/node/0,graph,200,1.848400104790926
334,/graph/node/0,graph,200,1.7299996688961983
335,/graph/node/0,graph,200,1.6594999469816685
336,/graph/node/0,graph,200,2.189500257372856
337,/graph/node/0,graph,200,1.6324999742209911
338,/graph/node/0,graph,200,1.4095003716647625
339,/graph/node/0,graph,200,1.3675997033715248
340,/graph/node/0,graph,200,1.496800221502781
341,/graph/node/0,graph,200,1.3418998569250107
342,/graph/node/0,graph,200,1.2994003482162952
343,/graph/node/0,graph,200,1.397599931806326
344,/graph/node/0,graph,200,1.8211998976767063
345,/graph/node/0,graph,200,1.650999765843153
346,/graph/node/0,graph,200,1.378900371491909
347,/graph/node/0,graph,200,1.3609998859465122
348,/graph/node/0,graph,200,1.4268001541495323
349,/graph/node/0,graph,200,1.3967002741992474
350,/graph/node/0,graph,200,1.491599716246128
351,/graph/node/0,graph,200,1.30429957062006
352,/graph/node/0,graph,200,1.3186000287532806
353,/graph/node/0,graph,200,1.4205998741090298
354,/graph/node/0,graph,200,1.5064999461174011
355,/graph/node/0,graph,200,1.6007996164262295
356,/graph/node/0,graph,200,1.8003997392952442
357,/graph/node/0,graph,200,1.3258997350931168
358,/graph/node/0,graph,200,1.3917000032961369
359,/graph/node/0,graph,200,1.4916001819074154
360,/graph/node/0,graph,200,1.461199950426817
361,/graph/node/0,graph,200,1.5508001670241356
362,/graph/node/0,graph,200,1.8521002493798733
363,/graph/node/0,graph,200,1.7458000220358372
364,/graph/node/0,graph,200,1.5633003786206245
365,/graph/node/0,graph,200,2.2537000477313995
366,/graph/node/0,graph,200,2.037299796938896
367,/graph/node/0,graph,200,1.9486001692712307
368,/graph/node/0,graph,200,1.8152999691665173
369,/graph/node/0,graph,200,1.8409998156130314
370,/graph/node/0,graph,200,2.0266002975404263
371,/graph/node/0,graph,200,2.30199983343482
372,/graph/node/0,graph,200,2.1553002297878265
373,/graph/node/0,graph,200,2.91300006210804
374,/graph/node/0,graph,200,2.851000055670738
375,/graph/node/0,graph,200,2.589599695056677
376,/graph/node/0,graph,200,2.675000112503767
377,/graph/node/0,graph,200,2.787299919873476
378,/graph/node/0,graph,200,2.6569999754428864
379,/graph/node/0,graph,200,4.202000331133604
380,/graph/node/0,graph,200,2.8363000601530075
381,/graph/node/0,graph,200,2.4445001035928726
382,/graph/node/0,graph,200,2.219599671661854
383,/graph/node/0,graph,200,2.1244999952614307
384,/graph/node/0,graph,200,1.9569001160562038
385,/graph/node/0,graph,200,2.3809000849723816
386,/graph/node/0,graph,200,3.3809002488851547
387,/graph/node/0,graph,200,2.146800048649311
388,/graph/node/0,graph,200,1.7026998102664948
389,/graph/node/0,graph,200,1.6373000107705593
390,/graph/node/0,graph,200,1.6026999801397324
391,/graph/node/0,graph,200,1.6165999695658684
392,/graph/node/0,graph,200,1.9286996684968472
393,/graph/node/0,graph,200,1.989899668842554
394,/graph/node/0,graph,200,2.075199969112873
395,/graph/node/0,graph,200,2.222999930381775
396,/graph/node/0,graph,200,2.094599884003401
397,/graph/node/0,graph,200,2.009199932217598
398,/graph/node/0,graph,200,2.2550998255610466
399,/graph/node/0,graph,200,2.6695001870393753
400,/graph/node/0,graph,200,2.382500097155571
